job_id,country,CoreCounts,TechCounts,Total_SkillCounts,CoreDensity,TechDensity,ConceptualCounts,Hands-onCounts,Conceptual_Win,Hands_on_Win,LOHI,Has_Advanced_Degree,Has_Tech_Degree,Has_Biz_Degree,Has_Method_Cert,Has_Tech_Cert,Has_Gov_Context,Has_Compliance,Has_Safety,Has_Cybersecurity,Has_Complexity_Context,exp_pm_years_value,exp_ai_years_value,Software_Experience,Strategic_Role,Execution_Role,Hybrid_Role,Generative_AI,Agentic_AI,Advanced_AI
9d2e54bb2ffd305f,Australia,11,0,11,1.0,0.0,0,0,0,0,-2.4849,1,0,0,1,0,0,0,0,0,1,2.0,,0,0,0,1,0,0,0
6cf0c26fe2f42ee7,Australia,6,3,9,0.6667,0.3333,0,1,0,1,-0.5596,0,0,0,0,0,1,0,1,0,1,,,1,0,1,0,1,0,0
0897c721177d32eb,Australia,7,4,11,0.6364,0.3636,1,1,0,0,-0.47,1,1,0,0,0,1,1,0,0,1,,5.0,1,0,0,1,0,0,0
4352450567,Australia,8,0,8,1.0,0.0,0,0,0,0,-2.1972,0,0,0,0,0,0,0,0,0,1,,,1,0,0,1,0,0,0
4330383036,Australia,8,1,9,0.8889,0.1111,0,0,0,0,-1.5041,0,0,0,0,0,1,1,0,0,1,,,1,0,0,1,0,0,0
4304076340,Belgium,8,1,9,0.8889,0.1111,1,0,1,0,-1.5041,1,0,0,0,0,1,1,1,1,1,4.0,,0,0,1,0,0,0,0
4287960170,Belgium,7,3,10,0.7,0.3,1,1,0,0,-0.6931,1,0,0,0,0,1,1,1,1,1,5.0,,0,0,0,1,0,0,0
4316082640,Belgium,7,1,8,0.875,0.125,1,0,1,0,-1.3863,0,0,0,0,0,0,0,0,0,1,,,0,0,0,1,0,0,0
4334327541,Belgium,4,0,4,1.0,0.0,0,0,0,0,-1.6094,0,0,0,0,0,0,0,0,0,0,5.0,,0,0,1,0,0,0,0
4332457001,Belgium,6,5,11,0.5455,0.4545,1,2,0,1,-0.1542,1,1,0,0,0,1,1,0,1,1,5.0,,0,0,1,0,1,1,0
4337332672,Belgium,4,1,5,0.8,0.2,1,0,1,0,-0.9163,0,0,0,0,0,0,0,0,0,1,,,0,0,0,1,0,0,0
4308659554,Belgium,9,3,12,0.75,0.25,1,0,1,0,-0.9163,1,1,1,1,0,1,1,1,0,1,5.0,2.0,0,0,0,1,0,0,0
4337720742,Belgium,7,3,10,0.7,0.3,1,1,0,0,-0.6931,0,0,0,0,0,1,1,0,0,0,5.0,,0,0,1,0,0,0,0
4274249326,Brazil,8,4,12,0.6667,0.3333,2,1,1,0,-0.5878,0,0,0,1,0,0,0,0,0,1,5.0,,1,0,0,1,1,1,0
4352024617,Brazil,5,4,9,0.5556,0.4444,1,0,1,0,-0.1823,1,1,1,0,0,0,0,0,0,1,,,0,1,0,0,1,1,0
4312278952,Canada,11,1,12,0.9167,0.0833,0,0,0,0,-1.7918,0,1,1,0,0,1,1,0,0,1,5.0,,1,0,0,1,0,0,0
4319974529,Canada,5,3,8,0.625,0.375,1,0,1,0,-0.4055,1,1,0,0,0,0,0,0,0,1,3.0,3.0,0,0,0,1,0,0,0
4332306809,Canada,6,3,9,0.6667,0.3333,1,1,0,0,-0.5596,0,1,1,0,0,1,0,0,1,0,2.0,,1,0,1,0,0,0,0
4312080687,Canada,9,1,10,0.9,0.1,0,0,0,0,-1.6094,0,0,0,1,0,1,1,1,1,1,7.0,,0,0,0,1,0,0,0
4332076467,Canada,9,2,11,0.8182,0.1818,1,0,1,0,-1.204,0,1,0,1,0,1,1,0,0,1,3.0,,1,0,0,1,0,0,0
4327845393,Canada,11,4,15,0.7333,0.2667,2,1,1,0,-0.8755,0,1,0,0,0,0,0,0,0,1,7.0,,1,0,0,1,1,0,0
4358610178,Canada,10,0,10,1.0,0.0,0,0,0,0,-2.3979,0,1,1,1,0,1,1,0,0,1,8.0,,1,0,1,0,0,0,0
4326021566,Canada,10,3,13,0.7692,0.2308,2,0,1,0,-1.0116,0,1,0,0,0,0,0,0,0,1,7.0,,0,0,0,1,1,0,0
4323549441,Canada,7,3,10,0.7,0.3,2,0,1,0,-0.6931,0,0,0,0,0,0,0,0,0,1,5.0,,0,0,0,1,1,0,0
4322644021,Canada,5,7,12,0.4167,0.5833,2,2,0,0,0.2877,0,0,0,1,0,1,1,1,1,1,7.0,,1,0,0,1,1,0,0
4351572022,Canada,7,3,10,0.7,0.3,2,0,1,0,-0.6931,0,0,0,1,0,1,1,0,1,1,,,1,0,0,1,1,0,0
4316302132,France,8,2,10,0.8,0.2,1,1,0,0,-1.0986,0,0,0,0,0,0,0,0,0,1,8.0,,0,0,1,0,0,0,0
4332480287,France,7,4,11,0.6364,0.3636,1,1,0,0,-0.47,1,1,0,0,0,0,0,0,0,1,3.0,,1,0,0,1,0,0,0
4334338030,France,7,5,12,0.5833,0.4167,2,0,1,0,-0.2877,0,0,0,0,0,1,1,0,1,1,7.0,,0,0,0,1,1,1,0
4310166558,France,9,2,11,0.8182,0.1818,1,0,1,0,-1.204,1,1,0,0,1,0,0,0,0,0,2.0,2.0,0,0,1,0,0,0,0
4331053310,France,8,1,9,0.8889,0.1111,0,0,0,0,-1.5041,0,0,0,0,0,1,1,0,1,1,5.0,,0,0,1,0,0,0,0
4316229095,Germany,6,2,8,0.75,0.25,1,0,1,0,-0.8473,0,1,1,0,0,1,0,1,0,0,,,0,0,1,0,0,1,0
4334213313,Germany,8,6,14,0.5714,0.4286,2,2,0,0,-0.2513,0,0,0,0,0,1,1,0,0,1,5.0,,1,0,0,1,1,0,0
4317333970,Germany,6,4,10,0.6,0.4,2,1,1,0,-0.3365,0,1,0,0,0,1,0,0,1,0,,,1,0,1,0,1,0,0
4317013477,Germany,7,3,10,0.7,0.3,1,0,1,0,-0.6931,0,0,0,0,0,1,0,1,0,1,,,0,0,0,1,0,0,0
4318341822,Germany,7,2,9,0.7778,0.2222,1,1,0,0,-0.9808,1,1,0,0,0,0,0,0,0,1,,,0,1,0,0,0,0,0
4242857642,Germany,7,5,12,0.5833,0.4167,2,1,1,0,-0.2877,0,1,0,0,0,1,1,1,0,1,,3.0,1,0,0,1,1,1,0
4337303170,Germany,7,2,9,0.7778,0.2222,1,0,1,0,-0.9808,0,0,0,0,0,0,0,0,0,1,,,0,0,0,1,0,0,0
4351014851,Germany,9,6,15,0.6,0.4,2,2,0,0,-0.3567,0,0,0,0,0,1,1,0,1,0,2.0,2.0,1,0,0,1,1,0,0
4331503404,Germany,6,2,8,0.75,0.25,1,0,1,0,-0.8473,0,1,1,0,0,0,0,0,0,1,5.0,,1,0,0,1,0,0,0
4328571206,Germany,8,2,10,0.8,0.2,0,0,0,0,-1.0986,0,0,0,1,0,1,1,1,0,1,3.0,,0,0,0,1,0,1,0
4358545803,Germany,3,4,7,0.4286,0.5714,1,1,0,0,0.2231,0,1,0,0,0,0,0,0,0,0,,3.0,0,0,0,0,0,0,0
4331010949,Germany,5,1,6,0.8333,0.1667,1,0,1,0,-1.0986,1,1,0,0,0,0,0,0,0,1,,,0,0,0,1,0,0,0
4330135011,Hong Kong,9,5,14,0.6429,0.3571,2,2,0,0,-0.5108,0,0,0,1,0,0,0,0,0,0,5.0,,0,0,1,0,1,0,0
adc9abce0323f1ed,HongKong,11,2,13,0.8462,0.1538,1,0,1,0,-1.3863,0,1,1,1,0,0,0,0,0,1,3.0,,1,1,0,0,0,0,0
c9b13e2384ad5ff9,HongKong,4,3,7,0.5714,0.4286,2,0,1,0,-0.2231,0,1,0,0,0,1,1,0,0,1,,2.0,0,1,0,0,1,0,0
4284955701,India,10,6,16,0.625,0.375,2,1,1,0,-0.452,0,0,0,1,1,1,1,1,0,1,5.0,,0,0,0,1,1,0,0
4321253294,India,8,3,11,0.7273,0.2727,1,0,1,0,-0.8109,0,0,0,1,0,0,0,0,0,0,8.0,2.0,0,0,1,0,1,1,0
4313047253,India,5,3,8,0.625,0.375,1,1,0,0,-0.4055,0,0,0,0,0,0,0,0,0,0,10.0,,0,0,1,0,1,1,0
4308002856,India,9,6,15,0.6,0.4,2,1,1,0,-0.3567,1,1,1,0,0,0,0,0,0,1,3.0,,0,0,1,0,1,1,0
4319960182,India,5,5,10,0.5,0.5,1,2,0,1,0.0,1,0,0,0,0,1,1,1,0,1,5.0,,1,1,0,0,1,0,0
4284006244,India,9,5,14,0.6429,0.3571,2,1,1,0,-0.5108,1,1,0,1,0,1,1,1,1,1,5.0,,0,0,1,0,1,1,0
4318509475,India,6,4,10,0.6,0.4,1,0,1,0,-0.3365,0,0,0,0,0,1,1,1,0,1,,,0,0,0,1,0,0,0
4287495462,India,8,3,11,0.7273,0.2727,1,1,0,0,-0.8109,1,1,0,1,0,1,1,0,0,1,10.0,,0,0,0,0,0,0,0
4337431357,India,6,3,9,0.6667,0.3333,2,0,1,0,-0.5596,0,1,0,1,1,0,0,0,0,0,8.0,,0,0,0,1,1,0,0
4320779511,India,10,4,14,0.7143,0.2857,2,1,1,0,-0.7885,1,1,0,1,0,0,0,0,0,0,4.0,2.0,0,0,1,0,1,1,0
4325642403,India,9,3,12,0.75,0.25,2,0,1,0,-0.9163,0,1,0,0,0,1,0,0,1,1,7.0,,0,0,0,1,1,0,0
4340511785,India,9,5,14,0.6429,0.3571,1,2,0,1,-0.5108,0,0,0,1,0,1,1,1,0,1,10.0,3.0,0,0,1,0,1,0,0
4331953131,India,9,7,16,0.5625,0.4375,2,1,1,0,-0.2231,0,1,0,0,0,1,1,1,0,0,3.0,,1,0,1,0,1,1,0
4335481613,India,5,5,10,0.5,0.5,2,1,1,0,0.0,0,0,0,0,0,0,0,0,0,0,,,0,0,1,0,1,0,0
4344871035,India,7,4,11,0.6364,0.3636,1,1,0,0,-0.47,0,0,0,0,0,0,0,0,0,1,12.0,,0,0,1,0,0,0,0
4346701509,India,7,0,7,1.0,0.0,0,0,0,0,-2.0794,1,1,1,0,0,0,0,0,0,0,2.0,,0,0,1,0,0,0,0
4327782546,India,11,3,14,0.7857,0.2143,1,0,1,0,-1.0986,0,0,0,1,0,1,1,0,0,1,8.0,,1,0,0,1,1,1,0
4330933471,India,7,2,9,0.7778,0.2222,1,1,0,0,-0.9808,0,0,0,1,0,0,0,0,0,0,8.0,,0,0,1,0,0,0,0
4349310760,India,6,4,10,0.6,0.4,1,1,0,0,-0.3365,0,0,0,0,0,1,1,1,1,1,,,0,0,0,1,0,0,0
4358732441,India,4,6,10,0.4,0.6,1,2,0,1,0.3365,1,1,0,0,0,1,1,0,1,1,8.0,,0,0,0,1,1,1,0
4328951023,India,5,4,9,0.5556,0.4444,2,1,1,0,-0.1823,0,0,0,0,0,0,0,0,0,0,5.0,,1,0,0,1,1,0,0
4333355754,Ireland,5,3,8,0.625,0.375,2,0,1,0,-0.4055,0,0,0,1,0,0,0,0,0,1,,,0,0,1,0,1,0,0
4319052342,Ireland,11,3,14,0.7857,0.2143,1,1,0,0,-1.0986,0,1,1,0,0,1,1,0,0,1,3.0,,1,0,0,1,1,0,0
4331133627,Ireland,9,1,10,0.9,0.1,0,0,0,0,-1.6094,0,1,0,1,0,0,0,0,0,1,2.0,,0,0,1,0,0,0,0
4320464026,Israel,6,4,10,0.6,0.4,1,1,0,0,-0.3365,0,1,0,0,0,0,0,0,0,1,2.0,1.0,0,0,0,1,1,1,0
4275935609,Israel,6,5,11,0.5455,0.4545,2,0,1,0,-0.1542,0,1,0,0,0,0,0,0,0,1,,4.0,0,0,1,0,1,0,0
58ef4ea063dc83b7,Italy,8,6,14,0.5714,0.4286,2,2,0,0,-0.2513,0,1,0,1,0,1,1,1,1,1,,,0,0,0,1,1,0,0
d2c1e35c5a548273,Italy,7,1,8,0.875,0.125,0,0,0,0,-1.3863,0,1,1,1,0,1,1,1,0,1,,,0,0,1,0,0,0,0
309a99d622e62b47,Italy,7,5,12,0.5833,0.4167,2,1,1,0,-0.2877,0,0,0,0,0,0,0,0,0,1,5.0,,0,0,1,0,1,0,0
4312161307,Italy,9,2,11,0.8182,0.1818,1,0,1,0,-1.204,0,1,0,1,0,0,0,0,0,1,7.0,3.0,0,0,0,1,0,0,0
4359406940,Japan,5,4,9,0.5556,0.4444,2,1,1,0,-0.1823,0,0,0,0,0,0,0,0,0,1,,,0,0,0,1,1,0,0
4345822582,Japan,6,6,12,0.5,0.5,2,1,1,0,0.0,0,0,0,0,0,1,1,0,0,1,,,0,0,0,1,1,1,0
3830345070,Japan,5,4,9,0.5556,0.4444,2,1,1,0,-0.1823,0,0,0,0,0,0,0,0,0,0,,,0,0,0,1,1,0,0
4331901156,Japan,7,3,10,0.7,0.3,0,1,0,1,-0.6931,0,0,0,0,0,0,0,0,0,1,5.0,,1,0,0,1,0,0,0
4300988321,Japan,8,2,10,0.8,0.2,1,0,1,0,-1.0986,0,0,0,0,0,1,0,1,0,1,3.0,,0,0,0,1,1,0,0
4343902353,Japan,7,4,11,0.6364,0.3636,2,1,1,0,-0.47,0,0,0,0,0,0,0,0,0,1,,3.0,0,0,0,1,1,0,0
4186264771,Japan,5,4,9,0.5556,0.4444,2,1,1,0,-0.1823,0,0,0,0,0,0,0,0,0,1,3.0,1.0,1,0,0,1,1,0,0
4283771577,Poland,4,6,10,0.4,0.6,1,1,0,0,0.3365,0,0,0,1,0,1,0,0,1,1,5.0,,0,0,1,0,0,0,0
4332960571,Poland,7,4,11,0.6364,0.3636,2,0,1,0,-0.47,0,0,0,1,0,1,1,0,0,1,6.0,3.0,0,0,0,1,1,1,0
4281262928,Poland,6,3,9,0.6667,0.3333,2,0,1,0,-0.5596,0,0,0,1,0,1,0,1,0,1,7.0,,0,0,0,1,1,0,0
4284082227,Poland,7,6,13,0.5385,0.4615,1,2,0,1,-0.1335,0,0,0,1,0,1,1,1,0,1,5.0,2.0,0,0,1,0,1,0,0
4318097497,Poland,6,1,7,0.8571,0.1429,0,0,0,0,-1.2528,0,0,0,1,0,0,0,0,0,1,5.0,,1,0,0,1,0,0,0
4331137592,Poland,9,1,10,0.9,0.1,0,0,0,0,-1.6094,0,1,0,1,0,0,0,0,0,1,2.0,,0,0,1,0,0,0,0
4337817955,Poland,9,0,9,1.0,0.0,0,0,0,0,-2.3026,0,1,0,0,0,0,0,0,0,0,3.0,,0,0,1,0,0,0,0
4331711892,Poland,7,3,10,0.7,0.3,1,0,1,0,-0.6931,0,0,0,0,0,1,1,0,0,0,,,0,0,0,1,0,0,0
4354530981,Poland,5,5,10,0.5,0.5,1,2,0,1,0.0,1,1,0,0,0,0,0,0,0,0,2.0,,0,0,1,0,1,1,0
4359418178,Poland,9,4,13,0.6923,0.3077,1,2,0,1,-0.6931,0,1,0,1,0,0,0,0,0,1,3.0,,0,0,1,0,1,0,0
4312741248,Portugal,8,3,11,0.7273,0.2727,2,0,1,0,-0.8109,1,1,1,0,0,1,1,0,1,1,5.0,,0,0,0,1,1,1,0
4328720666,Portugal,5,5,10,0.5,0.5,1,1,0,0,0.0,1,1,1,0,0,1,1,0,0,1,5.0,,0,0,0,1,0,1,0
4333274033,Romania,8,2,10,0.8,0.2,1,0,1,0,-1.0986,0,0,0,1,0,1,1,0,0,1,6.0,,0,0,1,0,0,0,0
4299107661,Singapore,8,1,9,0.8889,0.1111,1,0,1,0,-1.5041,0,1,0,1,0,0,0,0,0,1,3.0,,1,0,1,0,0,0,0
4315280942,Singapore,5,2,7,0.7143,0.2857,1,0,1,0,-0.6931,0,0,0,0,0,0,0,0,0,0,,,1,0,1,0,0,0,0
4332816722,Singapore,7,3,10,0.7,0.3,0,1,0,1,-0.6931,1,1,0,1,0,1,1,0,1,1,12.0,3.0,0,0,1,0,0,0,0
4317960739,Singapore,7,4,11,0.6364,0.3636,1,1,0,0,-0.47,0,1,0,0,0,1,1,0,0,1,5.0,,0,0,0,1,0,0,0
4307534391,Singapore,8,1,9,0.8889,0.1111,1,0,1,0,-1.5041,1,1,1,1,0,1,1,0,0,1,5.0,,1,0,0,1,0,0,0
4342836796,Singapore,5,4,9,0.5556,0.4444,2,0,1,0,-0.1823,1,1,0,0,0,1,1,1,0,0,3.0,,0,0,1,0,1,1,0
4343513195,Singapore,8,1,9,0.8889,0.1111,1,0,1,0,-1.5041,1,1,1,1,0,1,1,0,1,1,5.0,,0,0,1,0,0,0,0
4358350199,Singapore,6,1,7,0.8571,0.1429,1,0,1,0,-1.2528,0,1,0,0,0,0,0,0,0,1,,3.0,0,0,0,1,0,0,0
4342958643,Singapore,9,0,9,1.0,0.0,0,0,0,0,-2.3026,0,1,0,1,0,0,0,0,0,1,8.0,,1,0,1,0,0,0,0
c6656025ed3be71d,Spain,9,3,12,0.75,0.25,0,0,0,0,-0.9163,0,1,0,1,0,0,0,0,0,1,2.0,,0,0,0,1,0,0,0
4338939250,Spain,8,3,11,0.7273,0.2727,0,1,0,1,-0.8109,0,0,0,0,0,1,1,1,1,1,,,0,0,0,1,0,0,0
4346896069,Spain,6,4,10,0.6,0.4,2,1,1,0,-0.3365,1,1,0,0,0,0,0,0,0,1,2.0,4.0,1,0,0,1,1,0,0
4359616368,Spain,9,3,12,0.75,0.25,1,0,1,0,-0.9163,0,1,0,1,0,0,0,0,0,1,3.0,,0,0,1,0,1,0,0
4327919489,Spain,5,4,9,0.5556,0.4444,2,1,1,0,-0.1823,0,1,0,0,0,1,1,1,1,0,5.0,,0,0,0,1,1,0,0
4346944215,Spain,5,4,9,0.5556,0.4444,2,1,1,0,-0.1823,1,1,0,0,0,0,0,0,0,1,2.0,4.0,1,0,1,0,1,0,0
4328507711,Spain,8,6,14,0.5714,0.4286,2,1,1,0,-0.2513,0,0,0,0,0,1,1,1,1,1,,3.0,0,0,0,1,1,1,0
4337393444,Sweden,5,3,8,0.625,0.375,1,0,1,0,-0.4055,0,1,0,0,0,0,0,0,0,1,2.0,,0,0,0,1,0,0,0
4204340493,Taiwan,10,0,10,1.0,0.0,0,0,0,0,-2.3979,0,0,0,0,0,0,0,0,0,1,3.0,,0,0,0,1,0,0,0
4331991580,Taiwan,7,4,11,0.6364,0.3636,1,2,0,1,-0.47,0,1,0,0,0,0,0,0,0,0,5.0,,1,0,1,0,1,0,0
4331896757,Thailand,11,2,13,0.8462,0.1538,1,0,1,0,-1.3863,0,1,1,1,0,0,0,0,0,0,3.0,,0,0,1,0,0,0,0
4304990886,Thailand,9,3,12,0.75,0.25,1,1,0,0,-0.9163,1,1,1,0,0,1,1,1,1,1,3.0,,0,0,0,1,0,0,0
4309949743,Thailand,6,0,6,1.0,0.0,0,0,0,0,-1.9459,0,0,0,0,0,0,0,0,0,1,,,0,0,0,1,0,0,0
4324720520,United Arab Emirates,5,1,6,0.8333,0.1667,0,0,0,0,-1.0986,0,0,0,0,0,0,0,0,0,0,10.0,,1,0,1,0,0,0,0
4256877027,United Arab Emirates,8,5,13,0.6154,0.3846,2,1,1,0,-0.4055,1,1,1,1,0,1,1,0,1,0,,,0,0,0,1,1,0,0
4314417654,United Arab Emirates,8,7,15,0.5333,0.4667,2,1,1,0,-0.1178,0,0,0,1,1,1,1,1,0,0,8.0,8.0,0,0,0,1,1,1,0
4344594203,United Arab Emirates,9,8,17,0.5294,0.4706,2,1,1,0,-0.1054,0,1,0,1,0,0,0,0,0,1,5.0,,1,0,1,0,1,1,0
4358545055,United Arab Emirates,5,8,13,0.3846,0.6154,1,2,0,1,0.4055,0,0,0,0,0,1,1,1,0,1,,,0,0,0,1,1,1,0
4337347655,United Arab Emirates,10,2,12,0.8333,0.1667,1,0,1,0,-1.2993,0,0,0,1,0,1,1,0,0,1,3.0,,0,0,0,1,0,0,0
4325801398,United Arab Emirates,8,3,11,0.7273,0.2727,1,0,1,0,-0.8109,1,1,0,1,1,1,1,1,1,1,,,1,1,0,0,0,0,0
4300864961,United Kingdom,5,4,9,0.5556,0.4444,1,1,0,0,-0.1823,0,0,0,0,0,1,0,1,0,1,,,1,0,0,1,1,0,0
4332426858,United Kingdom,8,1,9,0.8889,0.1111,1,0,1,0,-1.5041,0,0,0,0,0,0,0,0,0,0,,,0,0,1,0,0,0,0
4297290721,United Kingdom,6,3,9,0.6667,0.3333,1,0,1,0,-0.5596,1,1,1,1,0,1,1,0,0,1,10.0,,0,0,0,1,0,0,0
4296967172,United Kingdom,10,1,11,0.9091,0.0909,1,0,1,0,-1.7047,0,0,0,0,0,0,0,0,0,1,,,0,0,0,1,0,0,0
4313984607,United Kingdom,6,3,9,0.6667,0.3333,1,1,0,0,-0.5596,0,0,0,0,0,1,1,0,1,1,5.0,,0,0,0,1,0,0,0
4337784006,United Kingdom,10,2,12,0.8333,0.1667,1,0,1,0,-1.2993,0,0,0,1,0,1,1,0,0,1,8.0,,1,0,0,1,0,0,0
4315852050,United Kingdom,7,2,9,0.7778,0.2222,0,0,0,0,-0.9808,0,0,0,1,0,0,0,0,0,1,,,0,0,0,1,0,0,0
4332081227,United Kingdom,8,3,11,0.7273,0.2727,2,0,1,0,-0.8109,0,0,0,0,0,1,1,0,0,1,,,0,0,0,0,1,0,0
4334068713,United Kingdom,9,3,12,0.75,0.25,1,1,0,0,-0.9163,0,0,0,1,0,0,0,0,0,1,,,1,0,0,1,0,0,0
4345185371,United Kingdom,10,4,14,0.7143,0.2857,1,1,0,0,-0.7885,0,0,0,0,0,1,1,0,1,1,,,1,0,0,1,0,0,0
4348973064,United Kingdom,6,4,10,0.6,0.4,1,1,0,0,-0.3365,0,0,0,0,0,0,0,0,0,1,5.0,,1,0,0,1,1,0,0
4338893204,United Kingdom,8,3,11,0.7273,0.2727,0,2,0,1,-0.8109,0,1,0,0,0,1,0,1,0,1,,,0,0,1,0,1,0,1
4332254789,United Kingdom,8,3,11,0.7273,0.2727,1,1,0,0,-0.8109,0,0,0,0,0,1,1,0,0,1,3.0,,0,0,1,0,0,0,0
4344687577,United Kingdom,7,7,14,0.5,0.5,2,1,1,0,0.0,0,1,0,0,0,1,0,1,0,1,,,0,0,1,0,1,0,1
4359343054,United Kingdom,8,2,10,0.8,0.2,1,1,0,0,-1.0986,0,1,0,0,0,1,1,0,0,1,3.0,,0,0,0,0,0,0,0
4343103391,United Kingdom,9,2,11,0.8182,0.1818,1,1,0,0,-1.204,0,0,0,0,0,0,0,0,0,1,5.0,,1,0,1,0,0,0,0
91bc14fba881a431,United States,7,2,9,0.7778,0.2222,1,0,1,0,-0.9808,0,0,0,0,0,0,0,0,0,1,8.0,,1,0,0,1,0,0,0
abb90ec4b0f1119d,United States,9,4,13,0.6923,0.3077,2,0,1,0,-0.6931,0,1,1,0,0,1,1,1,1,1,7.0,3.0,0,0,0,1,1,0,0
289d1a9ce4a85b44,United States,7,7,14,0.5,0.5,2,2,0,0,0.0,0,1,0,0,1,1,0,1,0,1,5.0,,1,0,0,1,1,0,0
26b8c7fd62f7b4c5,United States,7,1,8,0.875,0.125,1,0,1,0,-1.3863,1,1,1,1,0,0,0,0,0,1,7.0,,1,0,0,1,0,0,0
ca64bef73a1e08ee,United States,6,2,8,0.75,0.25,1,0,1,0,-0.8473,0,1,1,1,0,0,0,0,0,0,5.0,,1,0,1,0,0,0,0
4e54e573051548eb,United States,11,1,12,0.9167,0.0833,1,0,1,0,-1.7918,0,0,0,0,0,1,1,0,0,1,7.0,,1,0,0,1,0,0,0
a19cc667561e686d,United States,11,4,15,0.7333,0.2667,0,2,0,1,-0.8755,0,1,0,1,0,1,1,1,0,1,6.0,2.0,1,0,0,1,1,0,0
40f8488b255e9388,United States,7,2,9,0.7778,0.2222,1,0,1,0,-0.9808,0,0,0,0,0,0,0,0,0,1,,,1,0,1,0,0,0,0
3d9b600300df2ec3,United States,7,4,11,0.6364,0.3636,1,1,0,0,-0.47,1,1,0,0,0,0,0,0,0,1,10.0,3.0,0,0,0,1,0,0,0
f0f13fc69f1025fa,United States,11,7,18,0.6111,0.3889,2,2,0,0,-0.4055,1,1,1,1,0,1,1,1,1,1,5.0,5.0,0,0,0,1,1,0,0
63472815fa4167dc,United States,9,3,12,0.75,0.25,1,1,0,0,-0.9163,0,0,0,1,0,0,0,0,0,1,7.0,,1,0,0,1,0,0,0
31eaabcda16a45e9,United States,5,1,6,0.8333,0.1667,1,0,1,0,-1.0986,0,0,0,0,0,0,0,0,0,0,10.0,,0,0,0,1,0,0,0
9b7eb7ef4efc2bd2,United States,5,6,11,0.4545,0.5455,2,1,1,0,0.1542,0,1,0,0,0,1,1,1,1,1,3.0,2.0,0,0,0,1,1,0,0
224d9ab51a2b897e,United States,7,3,10,0.7,0.3,1,0,1,0,-0.6931,0,0,0,1,0,0,0,0,0,0,3.0,,1,0,0,1,0,0,0
ac7b7b6aaab2a37d,United States,9,5,14,0.6429,0.3571,2,2,0,0,-0.5108,0,0,0,1,0,1,1,1,0,1,,2.0,0,0,1,0,1,0,0
7719ad592b20152e,United States,12,5,17,0.7059,0.2941,2,1,1,0,-0.7732,0,0,0,0,1,0,0,0,0,1,5.0,,0,0,1,0,1,0,0
e1a3f55e0fcaaeef,United States,9,1,10,0.9,0.1,1,0,1,0,-1.6094,0,0,0,0,0,0,0,0,0,1,3.0,,1,0,1,0,0,0,0
52f169c36e5e2ada,United States,4,6,10,0.4,0.6,1,1,0,0,0.3365,0,0,0,0,0,1,1,1,1,1,2.0,,0,0,0,1,0,1,0
5dc67ee121c77e94,United States,6,1,7,0.8571,0.1429,1,0,1,0,-1.2528,0,0,0,0,0,0,0,0,0,0,7.0,,0,0,0,1,0,0,0
dfc28c35ded92782,United States,12,5,17,0.7059,0.2941,2,2,0,0,-0.7732,0,1,0,1,1,1,1,1,0,1,4.0,,0,0,0,1,1,0,0
4216e844e6a70c27,United States,7,3,10,0.7,0.3,1,0,1,0,-0.6931,0,1,0,0,1,1,0,1,0,1,7.0,,0,0,0,1,0,0,0
aaaba820a321ba81,United States,4,3,7,0.5714,0.4286,1,1,0,0,-0.2231,1,1,0,1,0,1,0,0,1,1,5.0,15.0,0,0,0,1,0,0,0
9f1b9e779741769b,United States,6,1,7,0.8571,0.1429,1,0,1,0,-1.2528,0,0,0,1,0,1,1,1,1,1,8.0,,1,0,0,1,1,0,0
439598b46b07b186,United States,8,6,14,0.5714,0.4286,2,1,1,0,-0.2513,0,1,1,0,0,0,0,0,0,1,5.0,,0,0,1,0,1,1,0
09fb34707ec8f4d0,United States,11,5,16,0.6875,0.3125,1,1,0,0,-0.6931,1,1,1,1,0,1,1,0,1,1,7.0,,1,0,0,1,0,0,0
90f171de00a9022a,United States,11,4,15,0.7333,0.2667,2,1,1,0,-0.8755,1,1,1,1,0,1,1,1,1,1,7.0,3.0,0,0,0,1,1,0,0
9ab53672fbe0c57a,United States,8,4,12,0.6667,0.3333,2,1,1,0,-0.5878,0,0,0,0,0,1,1,0,0,1,10.0,,0,0,0,1,1,1,0
5d7cd37f891e8a7b,United States,10,1,11,0.9091,0.0909,1,0,1,0,-1.7047,1,0,0,1,0,1,0,0,1,1,,3.0,0,0,0,1,0,0,0
a999df61d34dbc89,United States,10,1,11,0.9091,0.0909,1,0,1,0,-1.7047,0,1,0,0,0,1,1,1,1,1,5.0,3.0,1,0,0,1,0,0,0
888a5bbb1fc50db2,United States,7,4,11,0.6364,0.3636,1,1,0,0,-0.47,0,0,0,1,0,0,0,0,0,1,6.0,,0,0,0,1,1,1,0
a6233ce5e5ddeb09,United States,11,2,13,0.8462,0.1538,1,1,0,0,-1.3863,0,1,1,0,0,1,1,0,0,1,5.0,,0,0,0,1,0,0,0
369b3d8c23d5b9fc,United States,9,9,18,0.5,0.5,2,1,1,0,0.0,0,1,1,1,0,1,1,0,1,1,7.0,,1,0,0,1,1,1,1
8c9acce5fefb1f3e,United States,9,4,13,0.6923,0.3077,1,0,1,0,-0.6931,1,1,1,0,0,1,1,0,1,1,7.0,,0,0,0,1,0,1,0
6f5cd50290db1348,United States,9,5,14,0.6429,0.3571,2,0,1,0,-0.5108,0,0,0,0,0,0,0,0,0,1,8.0,,0,0,0,1,1,0,0
0f71a174930047ea,United States,9,3,12,0.75,0.25,1,1,0,0,-0.9163,1,1,0,0,0,1,1,1,1,1,10.0,5.0,0,0,0,1,0,0,0
4d34d7e8cb09fedc,United States,8,5,13,0.6154,0.3846,2,1,1,0,-0.4055,0,1,0,0,0,1,1,1,0,1,5.0,5.0,0,0,0,1,1,0,0
9460c2d1e2197d3b,United States,7,5,12,0.5833,0.4167,2,1,1,0,-0.2877,1,0,0,0,0,0,0,0,0,1,5.0,,0,1,0,0,1,0,0
5f7551e3cf54a0a7,United States,4,6,10,0.4,0.6,2,2,0,0,0.3365,0,0,0,0,0,1,1,1,1,1,8.0,,0,0,0,1,1,0,0
011a2f62c7dd67eb,United States,11,3,14,0.7857,0.2143,2,1,1,0,-1.0986,0,1,0,0,0,0,0,0,0,1,5.0,5.0,1,0,0,1,1,0,0
cbec90c5cf0822bf,United States,6,6,12,0.5,0.5,2,1,1,0,0.0,0,0,0,0,0,1,1,0,0,1,,,0,0,1,0,1,0,0
ab75f0fd497bfb31,United States,12,1,13,0.9231,0.0769,0,0,0,0,-1.8718,1,0,0,1,0,1,1,0,0,1,5.0,,0,0,0,1,0,0,0
fbc841b3d78d9b05,United States,7,5,12,0.5833,0.4167,2,0,1,0,-0.2877,0,0,0,0,0,1,1,0,0,1,3.0,,1,0,0,1,1,1,0
d916bcb669f1263c,United States,10,3,13,0.7692,0.2308,0,1,0,1,-1.0116,0,0,0,0,0,1,1,1,0,1,,5.0,0,0,1,0,0,0,0
89382524011296ad,United States,5,4,9,0.5556,0.4444,1,1,0,0,-0.1823,0,1,1,0,0,0,0,0,0,1,,,0,0,0,1,0,0,0
93f67c2b9b0b9b03,United States,8,0,8,1.0,0.0,0,0,0,0,-2.1972,0,0,0,0,0,1,0,1,0,1,,2.0,0,0,0,1,0,0,0
98c848ba2f4b25f3,United States,6,2,8,0.75,0.25,1,1,0,0,-0.8473,0,0,0,0,0,1,0,1,0,1,5.0,1.0,0,0,0,1,1,0,0
73bf14de865930ab,United States,10,1,11,0.9091,0.0909,0,0,0,0,-1.7047,0,1,0,1,0,0,0,0,0,1,,,1,0,0,1,0,0,0
3e7e4b4bd304084c,United States,5,2,7,0.7143,0.2857,2,0,1,0,-0.6931,0,0,0,0,0,1,1,1,1,1,8.0,,0,0,1,0,1,0,0
6e1c47ca2837f645,United States,10,2,12,0.8333,0.1667,0,1,0,1,-1.2993,0,1,1,0,0,0,0,0,0,1,5.0,,1,0,0,1,0,0,0
260babd022e44352,United States,10,7,17,0.5882,0.4118,2,1,1,0,-0.3185,1,1,0,1,0,1,1,1,0,1,7.0,3.0,0,0,0,1,1,0,0
221bdc8c0fb8a4db,United States,11,3,14,0.7857,0.2143,1,1,0,0,-1.0986,1,1,0,1,0,1,1,1,1,0,,,0,0,1,0,0,0,0
ded5c96371fff244,United States,9,2,11,0.8182,0.1818,1,0,1,0,-1.204,0,1,1,0,0,1,1,1,0,1,5.0,,1,0,1,0,0,0,0
3a7e7b12ffc7c459,United States,8,5,13,0.6154,0.3846,1,1,0,0,-0.4055,0,0,0,1,0,1,1,0,0,1,7.0,2.0,1,0,0,1,0,0,0
78d6956b508e126f,United States,6,7,13,0.4615,0.5385,2,2,0,0,0.1335,0,0,0,0,0,1,1,1,0,1,7.0,7.0,1,0,0,1,1,1,0
81faecce4ac28d54,United States,11,3,14,0.7857,0.2143,1,1,0,0,-1.0986,1,1,0,1,0,1,1,1,1,1,,,1,0,0,1,0,0,0
e8250ba07447e584,United States,7,8,15,0.4667,0.5333,2,2,0,0,0.1178,1,1,1,0,0,1,1,1,1,1,8.0,,0,0,1,0,1,1,0
b50ca89fa6ef11ed,United States,7,5,12,0.5833,0.4167,2,1,1,0,-0.2877,0,1,1,1,0,1,1,0,1,1,5.0,,0,0,0,1,1,1,0
7e164b35124c1f1c,United States,8,2,10,0.8,0.2,0,0,0,0,-1.0986,0,1,0,0,0,1,0,1,0,0,,,0,0,0,1,0,0,0
4352263199,United States,9,3,12,0.75,0.25,1,0,1,0,-0.9163,0,0,0,0,0,0,0,0,0,1,,,0,0,1,0,0,0,0
4328877969,United States,10,2,12,0.8333,0.1667,1,0,1,0,-1.2993,0,0,0,0,0,1,1,1,0,1,10.0,,0,0,0,1,0,1,0
4343914016,United States,7,3,10,0.7,0.3,1,0,1,0,-0.6931,1,1,0,0,0,1,1,1,1,1,12.0,,0,0,0,1,0,0,0
4311530577,United States,10,4,14,0.7143,0.2857,2,0,1,0,-0.7885,1,1,1,0,0,1,1,1,0,0,8.0,2.0,1,0,1,0,1,0,0
4327121861,United States,6,8,14,0.4286,0.5714,0,2,0,1,0.2513,0,1,0,0,0,1,1,1,1,1,7.0,,1,0,0,1,1,1,0
4342125640,United States,10,1,11,0.9091,0.0909,1,0,1,0,-1.7047,0,1,0,0,0,1,1,0,0,0,5.0,,1,0,1,0,0,0,0
4343299958,United States,6,0,6,1.0,0.0,0,0,0,0,-1.9459,0,0,0,0,0,0,0,0,0,0,3.0,,0,0,1,0,0,0,0
4337530283,United States,4,5,9,0.4444,0.5556,2,1,1,0,0.1823,1,1,0,0,0,1,1,1,0,1,5.0,,0,0,0,1,1,0,0
4344345465,United States,5,1,6,0.8333,0.1667,0,0,0,0,-1.0986,1,1,0,0,0,1,1,1,0,1,10.0,,0,0,0,1,0,0,0
4351521027,United States,10,1,11,0.9091,0.0909,0,0,0,0,-1.7047,0,0,0,1,0,0,0,0,0,1,4.0,,1,0,1,0,0,0,0
4342974762,United States,10,4,14,0.7143,0.2857,1,1,0,0,-0.7885,0,1,0,0,0,1,1,1,0,1,3.0,,0,0,0,1,1,0,0
4344485198,United States,10,0,10,1.0,0.0,0,0,0,0,-2.3979,0,0,0,1,0,1,0,1,0,1,,,0,0,0,1,0,0,0
4343718670,United States,6,2,8,0.75,0.25,0,1,0,1,-0.8473,1,1,1,1,0,0,0,0,0,1,5.0,2.0,0,0,0,1,0,0,0
4349586757,United States,6,1,7,0.8571,0.1429,0,0,0,0,-1.2528,0,1,0,0,0,0,0,0,0,1,7.0,,0,0,0,1,0,0,0
4328195795,United States,8,2,10,0.8,0.2,2,0,1,0,-1.0986,1,1,0,0,0,1,1,0,0,1,7.0,7.0,0,0,0,1,1,0,0
4341196819,United States,8,4,12,0.6667,0.3333,1,1,0,0,-0.5878,0,1,0,0,0,0,0,0,0,1,10.0,,1,0,0,1,0,0,0
4344362761,United States,6,2,8,0.75,0.25,0,1,0,1,-0.8473,0,0,0,0,0,0,0,0,0,1,2.0,,1,0,0,1,0,0,0
4332737559,United States,6,3,9,0.6667,0.3333,1,0,1,0,-0.5596,1,0,0,1,0,1,1,1,1,1,8.0,3.0,0,0,0,1,0,0,0
4327716927,United States,9,1,10,0.9,0.1,0,0,0,0,-1.6094,0,0,0,0,0,1,1,0,0,1,,,0,0,1,0,0,0,0
4345930878,United States,7,5,12,0.5833,0.4167,2,0,1,0,-0.2877,0,0,1,0,1,1,1,1,1,1,3.0,,1,0,0,1,1,0,0
4315838306,United States,7,3,10,0.7,0.3,1,1,0,0,-0.6931,0,0,0,1,0,1,1,1,0,1,,3.0,1,0,0,1,0,0,0
4349744166,United States,4,5,9,0.4444,0.5556,1,0,1,0,0.1823,0,0,0,0,0,1,1,1,1,1,,,0,0,0,1,0,1,0
4345776802,United States,7,1,8,0.875,0.125,0,0,0,0,-1.3863,0,0,0,0,0,0,0,0,0,0,3.0,,0,0,1,0,0,0,0
4288430729,United States,8,4,12,0.6667,0.3333,2,1,1,0,-0.5878,1,1,1,1,0,1,1,0,0,1,10.0,9.0,1,0,0,1,1,0,0
4326336051,United States,6,7,13,0.4615,0.5385,2,2,0,0,0.1335,0,1,0,0,0,1,1,0,0,0,,3.0,0,0,0,1,1,1,0
4330456120,United States,9,3,12,0.75,0.25,2,0,1,0,-0.9163,0,0,0,1,0,0,0,0,0,1,7.0,,1,0,0,1,1,0,0
4327954328,United States,8,4,12,0.6667,0.3333,1,0,1,0,-0.5878,1,1,0,0,0,1,0,1,0,1,,,0,0,1,0,1,0,0
4354367679,United States,8,1,9,0.8889,0.1111,1,0,1,0,-1.5041,1,1,1,1,0,0,0,0,0,1,5.0,,0,0,0,1,1,0,0
4316686828,Vietnam,7,5,12,0.5833,0.4167,2,2,0,0,-0.2877,0,0,0,0,0,0,0,0,0,1,3.0,,1,0,1,0,1,0,0
4304990882,Vietnam,9,4,13,0.6923,0.3077,1,1,0,0,-0.6931,1,1,1,0,0,1,1,1,1,1,3.0,,1,1,0,0,0,0,0
4317585886,Vietnam,7,0,7,1.0,0.0,0,0,0,0,-2.0794,0,1,1,0,0,0,0,0,0,0,3.0,,1,0,1,0,0,0,0
